"Journal Data Filtered By:  Selected Categories: MEDICINE, GENERAL & INTERNAL Selected Editions: SCIE;SSCI;AHCI;ESCI Selected JCR Year: 2024 Selected Category Schema: WOS Selected Open Access: N Indicator: Default"

Journal name,JCR Abbreviation,Publisher,ISSN,eISSN,Category,Edition,Total Citations,2024 JIF,JIF Quartile,2024 JCI,% of Citable OA
"LANCET","LANCET","ELSEVIER SCIENCE INC","0140-6736","1474-547X","MEDICINE, GENERAL & INTERNAL","SCIE","347,563","88.5","Q1","23.29","25.18"%,
"NEW ENGLAND JOURNAL OF MEDICINE","NEW ENGL J MED","MASSACHUSETTS MEDICAL SOC","0028-4793","1533-4406","MEDICINE, GENERAL & INTERNAL","SCIE","397,323","78.5","Q1","23.28","1.45"%,
"Nature Reviews Disease Primers","NAT REV DIS PRIMERS","NATURE PORTFOLIO","2056-676X","2056-676X","MEDICINE, GENERAL & INTERNAL","SCIE","37,841","60.6","Q1","21.23","0.92"%,
"JAMA-JOURNAL OF THE AMERICAN MEDICAL ASSOCIATION","JAMA-J AM MED ASSOC","AMER MEDICAL ASSOC","0098-7484","1538-3598","MEDICINE, GENERAL & INTERNAL","SCIE","194,087","55","Q1","11.49","2.61"%,
"BMJ-British Medical Journal","BMJ-BRIT MED J","BMJ PUBLISHING GROUP","0959-535X","1756-1833","MEDICINE, GENERAL & INTERNAL","SCIE","173,910","43","Q1","10","67.74"%,
"Lancet Digital Health","LANCET DIGIT HEALTH","ELSEVIER","N/A","2589-7500","MEDICINE, GENERAL & INTERNAL","SCIE","8,495","24.1","Q1","4.48","98.24"%,
"JAMA Internal Medicine","JAMA INTERN MED","AMER MEDICAL ASSOC","2168-6106","2168-6114","MEDICINE, GENERAL & INTERNAL","SCIE","26,042","23.3","Q1","6","17.16"%,
"Military Medical Research","MILITARY MED RES","BMC","2095-7467","2054-9369","MEDICINE, GENERAL & INTERNAL","SCIE","5,419","22.9","Q1","3.09","100"%,
"ANNALS OF INTERNAL MEDICINE","ANN INTERN MED","AMER COLL PHYSICIANS","0003-4819","1539-3704","MEDICINE, GENERAL & INTERNAL","SCIE","65,428","15.4","Q1","3.97","0.71"%,
"CANADIAN MEDICAL ASSOCIATION JOURNAL","CAN MED ASSOC J","CMA-CANADIAN MEDICAL ASSOC","0820-3946","1488-2329","MEDICINE, GENERAL & INTERNAL","SCIE","18,414","12.2","Q1","2.52","100"%,
"BMJ Evidence-Based Medicine","BMJ EVID-BASED MED","BMJ PUBLISHING GROUP","2515-446X","2515-4478","MEDICINE, GENERAL & INTERNAL","SCIE","1,917","10.4","Q1","1.56","43.64"%,
"JOURNAL OF THE ROYAL SOCIETY OF MEDICINE","J ROY SOC MED","SAGE PUBLICATIONS LTD","0141-0768","1758-1095","MEDICINE, GENERAL & INTERNAL","SCIE","5,354","10.3","Q1","2.45","53.42"%,
"BMJ Medicine","BMJ MED","BMJ PUBLISHING GROUP","N/A","2754-0413","MEDICINE, GENERAL & INTERNAL","ESCI","998","10","Q1","3.05","100"%,
"EClinicalMedicine","ECLINICALMEDICINE","ELSEVIER","N/A","2589-5370","MEDICINE, GENERAL & INTERNAL","SCIE","19,277","10","Q1","2.7","99.02"%,
"PLOS MEDICINE","PLOS MED","PUBLIC LIBRARY SCIENCE","1549-1277","1549-1676","MEDICINE, GENERAL & INTERNAL","SCIE","43,413","9.9","Q1","2.82","99.59"%,
"JAMA Network Open","JAMA NETW OPEN","AMER MEDICAL ASSOC","2574-3805","2574-3805","MEDICINE, GENERAL & INTERNAL","SCIE","74,261","9.7","Q1","2.97","99.94"%,
"Cochrane Database of Systematic Reviews","COCHRANE DB SYST REV","WILEY","1469-493X","1361-6137","MEDICINE, GENERAL & INTERNAL","SCIE","79,183","9.4","Q1","1.64","0.51"%,
"JOURNAL OF INTERNAL MEDICINE","J INTERN MED","WILEY","0954-6820","1365-2796","MEDICINE, GENERAL & INTERNAL","SCIE","15,520","9.2","Q1","1.86","61.62"%,
"Journal of Cachexia Sarcopenia and Muscle","J CACHEXIA SARCOPENI","WILEY","2190-5991","2190-6009","MEDICINE, GENERAL & INTERNAL","SCIE","13,644","9.1","Q1","2.15","98.06"%,
"MEDICAL JOURNAL OF AUSTRALIA","MED J AUSTRALIA","WILEY","0025-729X","1326-5377","MEDICINE, GENERAL & INTERNAL","SCIE","12,517","8.5","Q1","1.56","73.11"%,
"BMC Medicine","BMC MED","BMC","1741-7015","1741-7015","MEDICINE, GENERAL & INTERNAL","SCIE","31,553","8.3","Q1","2.17","99.87"%,
"Journal of Translational Internal Medicine","J TRANSL INTERN MED","SCIENDO","2450-131X","2224-4018","MEDICINE, GENERAL & INTERNAL","SCIE","1,325","7.4","Q1","1.23","80"%,
"AMYLOID-JOURNAL OF PROTEIN FOLDING DISORDERS","AMYLOID","TAYLOR & FRANCIS LTD","1350-6129","1744-2818","MEDICINE, GENERAL & INTERNAL","SCIE","2,447","7.4","Q1","1.2","21.1"%,
"CHINESE MEDICAL JOURNAL","CHINESE MED J-PEKING","LIPPINCOTT WILLIAMS & WILKINS","0366-6999","2542-5641","MEDICINE, GENERAL & INTERNAL","SCIE","14,639","7.3","Q1","1.32","100"%,
"Deutsches Arzteblatt International","DTSCH ARZTEBL INT","DEUTSCHER AERZTE-VERLAG GMBH","1866-0452","1866-0452","MEDICINE, GENERAL & INTERNAL","SCIE","9,535","7.2","Q1","1.68","1.47"%,
"MAYO CLINIC PROCEEDINGS","MAYO CLIN PROC","ELSEVIER SCIENCE INC","0025-6196","1942-5546","MEDICINE, GENERAL & INTERNAL","SCIE","20,392","6.7","Q1","1.61","10.96"%,
"QJM-AN INTERNATIONAL JOURNAL OF MEDICINE","QJM-INT J MED","OXFORD UNIV PRESS","1460-2725","1460-2393","MEDICINE, GENERAL & INTERNAL","SCIE","6,521","6.5","Q1","0.96","21.97"%,
"JOURNAL OF TRAVEL MEDICINE","J TRAVEL MED","OXFORD UNIV PRESS INC","1195-1982","1708-8305","MEDICINE, GENERAL & INTERNAL","SCIE","4,001","6.4","Q1","1.21","30.97"%,
"European Journal of Internal Medicine","EUR J INTERN MED","ELSEVIER","0953-6205","1879-0828","MEDICINE, GENERAL & INTERNAL","SCIE","8,566","6.1","Q1","1.26","25.74"%,
"Translational Research","TRANSL RES","ELSEVIER SCIENCE INC","1931-5244","1878-1810","MEDICINE, GENERAL & INTERNAL","SCIE","7,093","5.9","Q1","2.14","10.03"%,
"AMERICAN JOURNAL OF CHINESE MEDICINE","AM J CHINESE MED","WORLD SCIENTIFIC PUBL CO PTE LTD","0192-415X","1793-6853","MEDICINE, GENERAL & INTERNAL","SCIE","5,757","5.5","Q1","1.56","0.7"%,
"BRITISH MEDICAL BULLETIN","BRIT MED BULL","OXFORD UNIV PRESS","0007-1420","1471-8391","MEDICINE, GENERAL & INTERNAL","SCIE","5,558","5.4","Q1","1.35","50"%,
"American Journal of Medicine","AM J MED","ELSEVIER SCIENCE INC","0002-9343","1555-7162","MEDICINE, GENERAL & INTERNAL","SCIE","24,192","5.3","Q1","1.08","9.74"%,
"BRITISH JOURNAL OF GENERAL PRACTICE","BRIT J GEN PRACT","ROYAL COLL GENERAL PRACTITIONERS","0960-1643","1478-5242","MEDICINE, GENERAL & INTERNAL","SCIE","9,630","5.2","Q1","2.36","97.95"%,
"ANNALS OF FAMILY MEDICINE","ANN FAM MED","ANNALS FAMILY MEDICINE","1544-1709","1544-1717","MEDICINE, GENERAL & INTERNAL","SCIE","6,382","5.1","Q1","2.39","95.8"%,
"Polish Archives of Internal Medicine-Polskie Archiwum Medycyny Wewnetrznej","POL ARCH INTERN MED","MEDYCYNA PRAKTYCZNA SP K SP ZOO","0032-3772","1897-9483","MEDICINE, GENERAL & INTERNAL","SCIE","2,368","4.7","Q1","0.86","99.61"%,
"AMERICAN JOURNAL OF PREVENTIVE MEDICINE","AM J PREV MED","ELSEVIER SCIENCE INC","0749-3797","1873-2607","MEDICINE, GENERAL & INTERNAL","SCIE","25,385","4.5","Q1","1.43","15.12"%,
"Medical Sciences","MED SCI-BASEL","MDPI","N/A","2076-3271","MEDICINE, GENERAL & INTERNAL","ESCI","2,634","4.4","Q1","0.15","100"%,
"PRIMARY CARE","PRIMARY CARE","W B SAUNDERS CO-ELSEVIER INC","0095-4543","1558-299X","MEDICINE, GENERAL & INTERNAL","SCIE","2,571","4.3","Q1","1.72","0"%,
"DM DISEASE-A-MONTH","DM-DIS MON","MOSBY-ELSEVIER","0011-5029","1557-8194","MEDICINE, GENERAL & INTERNAL","SCIE","1,514","4.3","Q1","1.28","4.41"%,
"ANNALS OF MEDICINE","ANN MED","TAYLOR & FRANCIS LTD","0785-3890","1365-2060","MEDICINE, GENERAL & INTERNAL","SCIE","9,775","4.3","Q1","1.16","99.53"%,
"MEDICAL CLINICS OF NORTH AMERICA","MED CLIN N AM","W B SAUNDERS CO-ELSEVIER INC","0025-7125","1557-9859","MEDICINE, GENERAL & INTERNAL","SCIE","6,569","4.2","Q1","1.47","0"%,
"JOURNAL OF GENERAL INTERNAL MEDICINE","J GEN INTERN MED","SPRINGER","0884-8734","1525-1497","MEDICINE, GENERAL & INTERNAL","SCIE","32,058","4.2","Q1","1.35","26.94"%,
"JOURNAL OF URBAN HEALTH-BULLETIN OF THE NEW YORK ACADEMY OF MEDICINE","J URBAN HEALTH","SPRINGER","1099-3460","1468-2869","MEDICINE, GENERAL & INTERNAL","SCIE","5,793","4.1","Q1","1.24","35.89"%,
"CLEVELAND CLINIC JOURNAL OF MEDICINE","CLEV CLIN J MED","CLEVELAND CLINIC","0891-1150","1939-2869","MEDICINE, GENERAL & INTERNAL","SCIE","2,803","4.1","Q1","0.63","93.22"%,
"Dental and Medical Problems","DENT MED PROBL","WROCLAW MEDICAL UNIV","1644-387X","2300-9020","MEDICINE, GENERAL & INTERNAL","ESCI","1,279","3.9","Q1","1.36","99.62"%,
"PALLIATIVE MEDICINE","PALLIATIVE MED","SAGE PUBLICATIONS LTD","0269-2163","1477-030X","MEDICINE, GENERAL & INTERNAL","SCIE","8,037","3.9","Q1","1.05","54.91"%,
"CLINICAL MEDICINE","CLIN MED","ROY COLL PHYS LONDON EDITORIAL OFFICE","1470-2118","1473-4893","MEDICINE, GENERAL & INTERNAL","SCIE","5,759","3.9","Q1","0.86","99.42"%,
"Systematic Reviews","SYST REV-LONDON","BMC","N/A","2046-4053","MEDICINE, GENERAL & INTERNAL","SCIE","17,841","3.9","Q1","0.85","100"%,
"Internal and Emergency Medicine","INTERN EMERG MED","SPRINGER-VERLAG ITALIA SRL","1828-0447","1970-9366","MEDICINE, GENERAL & INTERNAL","SCIE","4,977","3.8","Q1","0.87","33.52"%,
"Balkan Medical Journal","BALK MED J","GALENOS PUBL HOUSE","2146-3123","2146-3131","MEDICINE, GENERAL & INTERNAL","SCIE","1,361","3.8","Q1","0.67","99.25"%,
"EUROPEAN JOURNAL OF CLINICAL INVESTIGATION","EUR J CLIN INVEST","WILEY","0014-2972","1365-2362","MEDICINE, GENERAL & INTERNAL","SCIE","8,206","3.6","Q1","0.85","37.82"%,
"AMERICAN FAMILY PHYSICIAN","AM FAM PHYSICIAN","AMER ACAD FAMILY PHYSICIANS","0002-838X","1532-0650","MEDICINE, GENERAL & INTERNAL","SCIE","12,233","3.5","Q1","1.63","0"%,
"JOURNAL OF PAIN AND SYMPTOM MANAGEMENT","J PAIN SYMPTOM MANAG","ELSEVIER SCIENCE INC","0885-3924","1873-6513","MEDICINE, GENERAL & INTERNAL","SCIE","15,393","3.5","Q1","1.05","13.5"%,
"Journal of Evidence Based Medicine","J EVID-BASED MED","WILEY","1756-5383","1756-5391","MEDICINE, GENERAL & INTERNAL","SCIE","1,353","3.5","Q1","0.82","28.99"%,
"Presse Medicale","PRESSE MED","MASSON EDITEUR","0755-4982","2213-0276","MEDICINE, GENERAL & INTERNAL","SCIE","2,313","3.4","Q1","0.59","12.36"%,
"Diagnostics","DIAGNOSTICS","MDPI","N/A","2075-4418","MEDICINE, GENERAL & INTERNAL","SCIE","36,396","3.3","Q1","0.92","99.96"%,
"Archives of Medical Science","ARCH MED SCI","TERMEDIA PUBLISHING HOUSE LTD","1734-1922","1896-9151","MEDICINE, GENERAL & INTERNAL","SCIE","5,364","3.3","Q1","0.79","99.8"%,
"Preventive Medicine","PREV MED","ACADEMIC PRESS INC ELSEVIER SCIENCE","0091-7435","1096-0260","MEDICINE, GENERAL & INTERNAL","SCIE","19,574","3.2","Q1","1.17","25.52"%,
"International Journal of Medical Sciences","INT J MED SCI","IVYSPRING INT PUBL","1449-1907","1449-1907","MEDICINE, GENERAL & INTERNAL","SCIE","8,389","3.2","Q1","0.79","100"%,
"PAIN MEDICINE","PAIN MED","OXFORD UNIV PRESS","1526-2375","1526-4637","MEDICINE, GENERAL & INTERNAL","SCIE","10,799","3","Q1","1.13","21.99"%,
"JOURNAL OF MEDICAL ECONOMICS","J MED ECON","TAYLOR & FRANCIS LTD","1369-6998","1941-837X","MEDICINE, GENERAL & INTERNAL","SCIE","3,584","3","Q1","0.98","99.08"%,
"Frontiers in Medicine","FRONT MED-LAUSANNE","FRONTIERS MEDIA SA","N/A","2296-858X","MEDICINE, GENERAL & INTERNAL","SCIE","39,781","3","Q1","0.82","99.85"%,
"Precision and Future Medicine","PRECIS FUTURE MED","SUNGKYUNKWAN UNIV SCH MEDICINE","2508-7940","2508-7959","MEDICINE, GENERAL & INTERNAL","ESCI","183","3","Q1","0.4","100"%,
"Journal of Clinical Medicine","J CLIN MED","MDPI","N/A","2077-0383","MEDICINE, GENERAL & INTERNAL","SCIE","98,067","2.9","Q1","0.9","99.99"%,
"YONSEI MEDICAL JOURNAL","YONSEI MED J","YONSEI UNIV COLL MEDICINE","0513-5796","1976-2437","MEDICINE, GENERAL & INTERNAL","SCIE","5,001","2.8","Q1","0.75","100"%,
"POSTGRADUATE MEDICINE","POSTGRAD MED","TAYLOR & FRANCIS LTD","0032-5481","1941-9260","MEDICINE, GENERAL & INTERNAL","SCIE","3,847","2.8","Q1","0.67","9.25"%,
"POSTGRADUATE MEDICAL JOURNAL","POSTGRAD MED J","OXFORD UNIV PRESS","0032-5473","1469-0756","MEDICINE, GENERAL & INTERNAL","SCIE","7,382","2.7","Q1","0.79","13.07"%,
"Pragmatic and Observational Research","PRAGMAT OBS RES","DOVE MEDICAL PRESS LTD","1179-7266","1179-7266","MEDICINE, GENERAL & INTERNAL","ESCI","261","2.7","Q1","0.78","100"%,
"Journal of the American Board of Family Medicine","J AM BOARD FAM MED","AMER BOARD FAMILY MEDICINE","1557-2625","1558-7118","MEDICINE, GENERAL & INTERNAL","SCIE","4,236","2.6","Q1","1.48","92.58"%,
"BMC Primary Care","BMC PRIM CARE","BMC","N/A","2731-4553","MEDICINE, GENERAL & INTERNAL","SCIE","1,789","2.6","Q1","1.37","100"%,
"Diagnostic and Prognostic Research","DIAGN PROGN RES","SPRINGERNATURE","N/A","2397-7523","MEDICINE, GENERAL & INTERNAL","ESCI","745","2.6","Q1","0.75","100"%,
"HONG KONG MEDICAL JOURNAL","HONG KONG MED J","HONG KONG ACAD MEDICINE PRESS","1024-2708","1024-2708","MEDICINE, GENERAL & INTERNAL","SCIE","1,766","2.6","Q1","0.59","99.02"%,
"European Journal of General Practice","EUR J GEN PRACT","TAYLOR & FRANCIS LTD","1381-4788","1751-1402","MEDICINE, GENERAL & INTERNAL","SCIE","1,827","2.5","Q1","1.23","99.21"%,
"JOURNAL OF THE FORMOSAN MEDICAL ASSOCIATION","J FORMOS MED ASSOC","ELSEVIER TAIWAN","0929-6646","1876-0821","MEDICINE, GENERAL & INTERNAL","SCIE","5,965","2.5","Q1","0.89","98.8"%,
"BioMedicine-Taiwan","BIOMEDICINE-TAIWAN","DIGITAL COMMONS BEPRESS","2211-8020","2211-8039","MEDICINE, GENERAL & INTERNAL","ESCI","964","2.5","Q1","0.52","97.47"%,
"INDIAN JOURNAL OF MEDICAL RESEARCH","INDIAN J MED RES","SCIENTIFIC SCHOLAR LLC","0971-5916","0971-5916","MEDICINE, GENERAL & INTERNAL","SCIE","7,728","2.5","Q1","0.41","95.93"%,
"Journal of the Chinese Medical Association","J CHIN MED ASSOC","LIPPINCOTT WILLIAMS & WILKINS","1726-4901","1728-7731","MEDICINE, GENERAL & INTERNAL","SCIE","3,604","2.4","Q1","0.8","94.39"%,
"Medicina-Lithuania","MEDICINA-LITHUANIA","MDPI","1010-660X","1648-9144","MEDICINE, GENERAL & INTERNAL","SCIE","21,683","2.4","Q1","0.74","99.98"%,
"CANADIAN FAMILY PHYSICIAN","CAN FAM PHYSICIAN","COLL FAMILY PHYSICIANS CANADA","0008-350X","1715-5258","MEDICINE, GENERAL & INTERNAL","SCIE","4,619","2.4","Q1","0.71","98.72"%,
"INTERNATIONAL JOURNAL OF CLINICAL PRACTICE","INT J CLIN PRACT","WILEY","1368-5031","1742-1241","MEDICINE, GENERAL & INTERNAL","SCIE","8,081","2.4","Q1","0.61","100"%,
"KOREAN JOURNAL OF INTERNAL MEDICINE","KOREAN J INTERN MED","KOREAN ASSOC INTERNAL MEDICINE","1226-3303","2005-6648","MEDICINE, GENERAL & INTERNAL","SCIE","3,592","2.4","Q1","0.57","99.21"%,
"Clinics","CLINICS","ELSEVIER ESPANA","1807-5932","1980-5322","MEDICINE, GENERAL & INTERNAL","SCIE","5,137","2.4","Q1","0.56","100"%,
"JOURNAL OF KOREAN MEDICAL SCIENCE","J KOREAN MED SCI","KOREAN ACAD MEDICAL SCIENCES","1011-8934","1598-6357","MEDICINE, GENERAL & INTERNAL","SCIE","9,343","2.3","Q2","0.85","98.48"%,
"JOURNAL OF THE NATIONAL MEDICAL ASSOCIATION","J NATL MED ASSOC","ELSEVIER SCIENCE INC","0027-9684","1943-4693","MEDICINE, GENERAL & INTERNAL","SCIE","4,061","2.3","Q2","0.81","9.66"%,
"Journal of Hospital Medicine","J HOSP MED","WILEY","1553-5592","1553-5606","MEDICINE, GENERAL & INTERNAL","SCIE","4,345","2.3","Q2","0.77","24.38"%,
"BMJ Open","BMJ OPEN","BMJ PUBLISHING GROUP","2044-6055","2044-6055","MEDICINE, GENERAL & INTERNAL","SCIE","92,316","2.3","Q2","0.72","99.88"%,
"CROATIAN MEDICAL JOURNAL","CROAT MED J","MEDICINSKA NAKLADA","0353-9504","1332-8166","MEDICINE, GENERAL & INTERNAL","SCIE","1,978","2.3","Q2","0.45","96.15"%,
"Journal of General and Family Medicine","J GEN FAM MED","WILEY","2189-7948","2189-7948","MEDICINE, GENERAL & INTERNAL","ESCI","654","2.3","Q2","0.41","88.75"%,
"FAMILY PRACTICE","FAM PRACT","OXFORD UNIV PRESS","0263-2136","1460-2229","MEDICINE, GENERAL & INTERNAL","SCIE","5,357","2.2","Q2","0.99","28.9"%,
"MEDICAL PRINCIPLES AND PRACTICE","MED PRIN PRACT","KARGER","1011-7571","1423-0151","MEDICINE, GENERAL & INTERNAL","SCIE","3,136","2.2","Q2","0.7","99.49"%,
"Clinics and Practice","CLINICS PRACT","MDPI","2039-7275","2039-7283","MEDICINE, GENERAL & INTERNAL","ESCI","1,269","2.2","Q2","0.62","100"%,
"SINGAPORE MEDICAL JOURNAL","SINGAP MED J","WOLTERS KLUWER MEDKNOW PUBLICATIONS","0037-5675","2737-5935","MEDICINE, GENERAL & INTERNAL","SCIE","4,299","2.2","Q2","0.54","98.44"%,
"CURRENT MEDICAL RESEARCH AND OPINION","CURR MED RES OPIN","TAYLOR & FRANCIS LTD","0300-7995","1473-4877","MEDICINE, GENERAL & INTERNAL","SCIE","7,659","2.2","Q2","0.52","21.51"%,
"AMERICAN JOURNAL OF MANAGED CARE","AM J MANAG CARE","MANAGED CARE & HEALTHCARE COMMUNICATIONS LLC","1088-0224","N/A","MEDICINE, GENERAL & INTERNAL","SCIE","4,972","2.1","Q2","0.68","0.27"%,
"WIENER KLINISCHE WOCHENSCHRIFT","WIEN KLIN WOCHENSCHR","SPRINGER WIEN","0043-5325","1613-7671","MEDICINE, GENERAL & INTERNAL","SCIE","3,096","2.1","Q2","0.63","67.6"%,
"Health Science Reports","HEALTH SCI REP-US","WILEY","N/A","2398-8835","MEDICINE, GENERAL & INTERNAL","ESCI","3,365","2.1","Q2","0.62","92.91"%,
"JOURNAL OF EVALUATION IN CLINICAL PRACTICE","J EVAL CLIN PRACT","WILEY","1356-1294","1365-2753","MEDICINE, GENERAL & INTERNAL","SCIE","5,813","2.1","Q2","0.6","42.66"%,
"SAGE Open Medicine","SAGE OPEN MED","SAGE PUBLICATIONS INC","2050-3121","2050-3121","MEDICINE, GENERAL & INTERNAL","ESCI","4,515","2.1","Q2","0.58","97.41"%,
"MEDICINA CLINICA","MED CLIN-BARCELONA","ELSEVIER ESPANA SLU","0025-7753","1578-8989","MEDICINE, GENERAL & INTERNAL","SCIE","3,670","2.1","Q2","0.56","10.56"%,
"International Journal of Health Sciences-IJHS","INT J HEALTH SCI-IJH","QASSIM UNIV, COLL MEDICINE","1658-3639","1658-7774","MEDICINE, GENERAL & INTERNAL","ESCI","1,486","2.1","Q2","0.39","0"%,
"Sexual Medicine","SEX MED-UK","OXFORD UNIV PRESS","N/A","2050-1161","MEDICINE, GENERAL & INTERNAL","SCIE","1,606","2","Q2","0.87","99.15"%,
"Patient Preference and Adherence","PATIENT PREFER ADHER","DOVE MEDICAL PRESS LTD","1177-889X","N/A","MEDICINE, GENERAL & INTERNAL","SCIE","6,650","2","Q2","0.63","100"%,
"Diagnosis","DIAGNOSIS","WALTER DE GRUYTER GMBH","2194-8011","2194-802X","MEDICINE, GENERAL & INTERNAL","ESCI","1,030","2","Q2","0.6","15.88"%,
"International Journal of General Medicine","INT J GEN MED","DOVE MEDICAL PRESS LTD","N/A","1178-7074","MEDICINE, GENERAL & INTERNAL","SCIE","7,006","2","Q2","0.58","99.45"%,
"ANNALS ACADEMY OF MEDICINE SINGAPORE","ANN ACAD MED SINGAP","ACAD MEDICINE SINGAPORE","N/A","2972-4066","MEDICINE, GENERAL & INTERNAL","SCIE","2,450","2","Q2","0.49","99.3"%,
"JOURNAL OF INVESTIGATIVE MEDICINE","J INVEST MED","SAGE PUBLICATIONS LTD","1081-5589","1708-8267","MEDICINE, GENERAL & INTERNAL","SCIE","2,743","2","Q2","0.49","5.11"%,
"Journal of Clinical Medicine Research-Canada","J CLIN MED RES-CAN","ELMER PRESS INC","1918-3003","1918-3011","MEDICINE, GENERAL & INTERNAL","ESCI","1,903","2","Q2","0.48","99.45"%,
"JOURNAL OF WOMENS HEALTH","J WOMENS HEALTH","MARY ANN LIEBERT, INC","1540-9996","1931-843X","MEDICINE, GENERAL & INTERNAL","SCIE","8,216","1.9","Q2","0.99","4.19"%,
"Journal of Taibah University Medical Sciences","J TAIBAH UNIV MED SC","ELSEVIER","1658-3612","1658-3612","MEDICINE, GENERAL & INTERNAL","ESCI","1,954","1.9","Q2","0.6","98.1"%,
"SWISS MEDICAL WEEKLY","SWISS MED WKLY","SMW supporting association","1424-7860","1424-3997","MEDICINE, GENERAL & INTERNAL","SCIE","3,740","1.9","Q2","0.5","98.44"%,
"SCANDINAVIAN JOURNAL OF PRIMARY HEALTH CARE","SCAND J PRIM HEALTH","TAYLOR & FRANCIS LTD","0281-3432","1502-7724","MEDICINE, GENERAL & INTERNAL","SCIE","1,886","1.8","Q2","0.78","98.61"%,
"ANNALS OF SAUDI MEDICINE","ANN SAUDI MED","K FAISAL SPEC HOSP RES CENTRE","0256-4947","1319-9226","MEDICINE, GENERAL & INTERNAL","SCIE","2,394","1.8","Q2","0.55","85.52"%,
"Chronic Illness","CHRONIC ILLN","SAGE PUBLICATIONS LTD","1742-3953","1745-9206","MEDICINE, GENERAL & INTERNAL","SCIE","1,108","1.8","Q2","0.5","15.5"%,
"AMERICAN JOURNAL OF THE MEDICAL SCIENCES","AM J MED SCI","ELSEVIER SCIENCE INC","0002-9629","1538-2990","MEDICINE, GENERAL & INTERNAL","SCIE","6,257","1.8","Q2","0.48","5.35"%,
"JMA Journal","JMA J","JAPAN MEDICAL ASSOC-JAPANESE ASSOC MEDICAL SCIENCES","2433-328X","2433-3298","MEDICINE, GENERAL & INTERNAL","ESCI","628","1.8","Q2","0.43","99.2"%,
"BRITISH JOURNAL OF HOSPITAL MEDICINE","BRIT J HOSP MED","MA HEALTHCARE LTD","1750-8460","1759-7390","MEDICINE, GENERAL & INTERNAL","SCIE","1,718","1.8","Q2","0.28","14.08"%,
"Australian Journal of General Practice","AUST J GEN PRACT","ROYAL AUSTRALIAN COLLEGE GENERAL PRACTITIONERS","2208-794X","2208-7958","MEDICINE, GENERAL & INTERNAL","SCIE","1,591","1.7","Q2","0.96","9.48"%,
"FAMILY MEDICINE","FAM MED","SOC TEACHERS FAMILY MEDICINE","0742-3225","1938-3800","MEDICINE, GENERAL & INTERNAL","SCIE","2,896","1.7","Q2","0.96","99.58"%,
"BMJ Military Health","BMJ MILITARY HEALTH","BMJ PUBLISHING GROUP","2633-3767","2633-3775","MEDICINE, GENERAL & INTERNAL","SCIE","779","1.7","Q2","0.59","16.84"%,
"Libyan Journal of Medicine","LIBYAN J MED","TAYLOR & FRANCIS LTD","1993-2820","1819-6357","MEDICINE, GENERAL & INTERNAL","SCIE","629","1.7","Q2","0.55","98.73"%,
"Pakistan Journal of Medical Sciences","PAK J MED SCI","PROFESSIONAL MEDICAL PUBLICATIONS","1682-024X","1681-715X","MEDICINE, GENERAL & INTERNAL","SCIE","5,718","1.7","Q2","0.49","99.2"%,
"REVISTA CLINICA ESPANOLA","REV CLIN ESP","EDICIONES DOYMA S A","0014-2565","1578-1860","MEDICINE, GENERAL & INTERNAL","SCIE","924","1.7","Q2","0.47","12.38"%,
"Atencion Primaria","ATEN PRIM","EDICIONES DOYMA S A","0212-6567","1578-1275","MEDICINE, GENERAL & INTERNAL","SCIE","1,701","1.6","Q2","0.66","96.67"%,
"BMJ Open Quality","BMJ OPEN QUAL","BMJ PUBLISHING GROUP","N/A","2399-6641","MEDICINE, GENERAL & INTERNAL","ESCI","2,182","1.6","Q2","0.51","99.47"%,
"IRISH JOURNAL OF MEDICAL SCIENCE","IRISH J MED SCI","SPRINGER LONDON LTD","0021-1265","1863-4362","MEDICINE, GENERAL & INTERNAL","SCIE","3,894","1.6","Q2","0.47","26.02"%,
"Annals of Medicine and Surgery","ANN MED SURG","LIPPINCOTT WILLIAMS & WILKINS","2049-0801","2049-0801","MEDICINE, GENERAL & INTERNAL","ESCI","8,374","1.6","Q2","0.43","98.37"%,
"Open Medicine","OPEN MED-WARSAW","DE GRUYTER POLAND SP Z O O","2391-5463","2391-5463","MEDICINE, GENERAL & INTERNAL","SCIE","2,487","1.6","Q2","0.43","99.85"%,
"Sao Paulo Medical Journal","SAO PAULO MED J","ASSOCIACAO PAULISTA MEDICINA","1516-3180","N/A","MEDICINE, GENERAL & INTERNAL","SCIE","1,586","1.6","Q2","0.43","98.77"%,
"UPSALA JOURNAL OF MEDICAL SCIENCES","UPSALA J MED SCI","UPSALA MED SOC","0300-9734","2000-1967","MEDICINE, GENERAL & INTERNAL","SCIE","1,497","1.6","Q2","0.43","98.91"%,
"TOHOKU JOURNAL OF EXPERIMENTAL MEDICINE","TOHOKU J EXP MED","TOHOKU UNIV MEDICAL PRESS","0040-8727","1349-3329","MEDICINE, GENERAL & INTERNAL","SCIE","3,308","1.6","Q2","0.39","100"%,
"Tzu Chi Medical Journal","TZU CHI MED J","WOLTERS KLUWER MEDKNOW PUBLICATIONS","1016-3190","2223-8956","MEDICINE, GENERAL & INTERNAL","ESCI","912","1.6","Q2","0.36","98.84"%,
"Intractable & Rare Diseases Research","INTRACTABLE RARE DIS","INT RESEARCH & COOPERATION ASSOC BIO & SOCIO-SCIENCES ADVANCEMENT","2186-3644","2186-361X","MEDICINE, GENERAL & INTERNAL","ESCI","882","1.6","Q2","0.34","100"%,
"Journal of Medical Science","J MED SCI-POLAND","POZNAN UNIV MEDICAL SCIENCES","2353-9798","2353-9801","MEDICINE, GENERAL & INTERNAL","ESCI","198","1.6","Q2","0.16","92.08"%,
"SAUDI MEDICAL JOURNAL","SAUDI MED J","SAUDI MED J","0379-5284","1658-3175","MEDICINE, GENERAL & INTERNAL","SCIE","4,795","1.5","Q2","0.52","99.57"%,
"International Journal of Osteopathic Medicine","INT J OSTEOPATH MED","ELSEVIER SCI LTD","1746-0689","1878-0164","MEDICINE, GENERAL & INTERNAL","SCIE","597","1.5","Q2","0.51","8.55"%,
"Saudi Journal of Medicine & Medical Sciences","SAUDI J MED MED SCI","WOLTERS KLUWER MEDKNOW PUBLICATIONS","1658-631X","2321-4856","MEDICINE, GENERAL & INTERNAL","ESCI","467","1.5","Q2","0.51","87.5"%,
"INTERNAL MEDICINE JOURNAL","INTERN MED J","WILEY","1444-0903","1445-5994","MEDICINE, GENERAL & INTERNAL","SCIE","5,092","1.5","Q2","0.47","33.05"%,
"Iranian Journal of Medical Sciences","IRAN J MED SCI","SHIRAZ UNIV MEDICAL SCIENCES","0253-0716","1735-3688","MEDICINE, GENERAL & INTERNAL","ESCI","1,381","1.5","Q2","0.46","0.47"%,
"Medizinische Klinik-Intensivmedizin und Notfallmedizin","MED KLIN-INTENSIVMED","SPRINGER HEIDELBERG","2193-6218","2193-6226","MEDICINE, GENERAL & INTERNAL","SCIE","721","1.5","Q2","0.41","36.71"%,
"International Journal of Preventive Medicine","INT J PREVENTIVE MED","WOLTERS KLUWER MEDKNOW PUBLICATIONS","2008-7802","2008-8213","MEDICINE, GENERAL & INTERNAL","ESCI","3,620","1.5","Q2","0.39","100"%,
"WIENER MEDIZINISCHE WOCHENSCHRIFT","WIEN MED WOCHENSCHR","SPRINGER WIEN","0043-5341","1563-258X","MEDICINE, GENERAL & INTERNAL","ESCI","1,176","1.5","Q2","0.38","38.17"%,
"Journal of Research in Medical Sciences","J RES MED SCI","WOLTERS KLUWER MEDKNOW PUBLICATIONS","1735-1995","1735-7136","MEDICINE, GENERAL & INTERNAL","SCIE","3,421","1.5","Q2","0.34","97.46"%,
"Journal of Yeungnam Medical Science","J YEUNGNAM MED SCI","YEUNGNAM UNIV COLL MEDICINE, YEUNGNAM UNIV INST MEDICAL SCIENCE","N/A","2799-8010","MEDICINE, GENERAL & INTERNAL","ESCI","225","1.4","Q2","0.39","100"%,
"JOURNAL OF NIPPON MEDICAL SCHOOL","J NIPPON MED SCH","MEDICAL ASSOC NIPPON MEDICAL SCH","1345-4676","1347-3409","MEDICINE, GENERAL & INTERNAL","SCIE","1,009","1.4","Q2","0.38","100"%,
"South African Family Practice","S AFR FAM PRACT","AOSIS","2078-6190","2078-6204","MEDICINE, GENERAL & INTERNAL","ESCI","970","1.4","Q2","0.38","99.53"%,
"MEDICINE","MEDICINE","LIPPINCOTT WILLIAMS & WILKINS","0025-7974","1536-5964","MEDICINE, GENERAL & INTERNAL","SCIE","64,061","1.4","Q2","0.37","99.96"%,
"Revista de Investigacion Clinica-Clinical and Translational Investigation","REV INVEST CLIN","INST NACIONAL NUTRICION","0034-8376","2564-8896","MEDICINE, GENERAL & INTERNAL","SCIE","865","1.4","Q2","0.35","100"%,
"Clinical Medicine & Research","CLIN MED RES","MARSHFIELD CLINIC","1539-4182","1554-6179","MEDICINE, GENERAL & INTERNAL","ESCI","1,087","1.4","Q2","0.32","100"%,
"Acute Medicine & Surgery","ACUTE MED SURG","WILEY","2052-8817","2052-8817","MEDICINE, GENERAL & INTERNAL","ESCI","1,096","1.3","Q2","0.42","88.35"%,
"Cureus Journal of Medical Science","CUREUS J MED SCIENCE","SPRINGERNATURE","N/A","2168-8184","MEDICINE, GENERAL & INTERNAL","ESCI","67,722","1.3","Q2","0.35","99.89"%,
"NEW ZEALAND MEDICAL JOURNAL","NEW ZEAL MED J","NEW ZEALAND MEDICAL ASSOC","0028-8446","1175-8716","MEDICINE, GENERAL & INTERNAL","ESCI","3,121","1.3","Q2","0.35","0.86"%,
"Rambam Maimonides Medical Journal","RAMBAM MAIMONIDES ME","RAMBAM HEALTH CARE CAMPUS","2076-9172","2076-9172","MEDICINE, GENERAL & INTERNAL","ESCI","636","1.3","Q2","0.35","97.1"%,
"Revista da Associacao Medica Brasileira","REV ASSOC MED BRAS","ASSOC MEDICA BRASILEIRA","0104-4230","1806-9282","MEDICINE, GENERAL & INTERNAL","SCIE","3,162","1.3","Q2","0.33","98.2"%,
"ISRAEL MEDICAL ASSOCIATION JOURNAL","ISR MED ASSOC J","ISRAEL MEDICAL ASSOC JOURNAL","1565-1088","1565-1088","MEDICINE, GENERAL & INTERNAL","SCIE","2,360","1.3","Q2","0.25","0.28"%,
"Colombia Medica","COLOMB MEDICA","CORPORACION EDITORA MEDICA VALLE","1657-9534","N/A","MEDICINE, GENERAL & INTERNAL","SCIE","514","1.3","Q2","0.21","94.23"%,
"TIDSSKRIFT FOR DEN NORSKE LAEGEFORENING","TIDSSKR NORSKE LAEGE","NORWEGIAN MEDICAL ASSOC","0029-2001","0807-7096","MEDICINE, GENERAL & INTERNAL","ESCI","1,235","1.3","Q2","0.06","12.22"%,
"SCOTTISH MEDICAL JOURNAL","SCOT MED J","SAGE PUBLICATIONS LTD","0036-9330","2045-6441","MEDICINE, GENERAL & INTERNAL","SCIE","700","1.2","Q2","0.51","8.62"%,
"Ochsner Journal","OCHSNER J","OCHSNER CLINIC","1524-5012","2831-4107","MEDICINE, GENERAL & INTERNAL","ESCI","1,730","1.2","Q2","0.4","99.35"%,
"SAMJ SOUTH AFRICAN MEDICAL JOURNAL","SAMJ S AFR MED J","SA MEDICAL ASSOC","0256-9574","2078-5135","MEDICINE, GENERAL & INTERNAL","SCIE","4,179","1.2","Q2","0.39","76.4"%,
"Danish Medical Journal","DAN MED J","DANISH MEDICAL ASSOC","N/A","2245-1919","MEDICINE, GENERAL & INTERNAL","SCIE","1,408","1.2","Q2","0.35","12.56"%,
"Journal of Postgraduate Medicine","J POSTGRAD MED","WOLTERS KLUWER MEDKNOW PUBLICATIONS","0022-3859","0972-2823","MEDICINE, GENERAL & INTERNAL","SCIE","1,436","1.2","Q2","0.33","100"%,
"Eurasian Journal of Medicine","EURASIAN J MED","ATATURK UNIV","N/A","1308-8742","MEDICINE, GENERAL & INTERNAL","ESCI","1,019","1.2","Q2","0.32","41.53"%,
"JBI Evidence Implementation","JBI EVID IMPLEMENT","LIPPINCOTT WILLIAMS & WILKINS","2691-3321","2691-3321","MEDICINE, GENERAL & INTERNAL","SCIE","482","1.1","Q2","0.67","11.11"%,
"Bratislava Medical Journal","BRATISL MED J","SPRINGERNATURE","0006-9248","1336-0345","MEDICINE, GENERAL & INTERNAL","SCIE","2,102","1.1","Q2","0.4","97.77"%,
"Medeniyet Medical Journal","MEDENI MED J","GALENOS PUBL HOUSE","2149-2042","2149-4606","MEDICINE, GENERAL & INTERNAL","ESCI","272","1.1","Q2","0.38","93.33"%,
"Journal of Osteopathic Medicine","J OSTEOPATH MED","WALTER DE GRUYTER GMBH","N/A","2702-3648","MEDICINE, GENERAL & INTERNAL","ESCI","483","1.1","Q2","0.37","94.55"%,
"MILITARY MEDICINE","MIL MED","OXFORD UNIV PRESS","0026-4075","1930-613X","MEDICINE, GENERAL & INTERNAL","SCIE","8,040","1.1","Q2","0.36","41.45"%,
"Internal Medicine","INTERNAL MED","JAPAN SOC INTERNAL MEDICINE","0918-2918","1349-7235","MEDICINE, GENERAL & INTERNAL","SCIE","8,217","1.1","Q2","0.3","98.99"%,
"Agri-The Journal of the Turkish Society of Algology","AGRI","KARE PUBL","1300-0012","1300-0012","MEDICINE, GENERAL & INTERNAL","ESCI","418","1.1","Q2","0.29","99.18"%,
"Bangladesh Journal of Medical Science","BANGLADESH J MED SCI","IBN SINA TRUST","2223-4721","2076-0299","MEDICINE, GENERAL & INTERNAL","ESCI","800","1.1","Q2","0.27","91.29"%,
"Global Journal of Medical Pharmaceutical and Biomedical Update","GLOB J MED PHARM BIO","SCIENTIFIC SCHOLAR LLC","N/A","2765-8910","MEDICINE, GENERAL & INTERNAL","ESCI","51","1.1","Q2","0.17","42.11"%,
"Turkish Journal Of Medical Sciences","TURK J MED SCI","Tubitak Scientific & Technological Research Council Turkey","1300-0144","1303-6165","MEDICINE, GENERAL & INTERNAL","SCIE","3,450","1","Q3","0.33","16.05"%,
"Acta Medica Portuguesa","ACTA MEDICA PORT","ORDEM MEDICOS","0870-399X","1646-0758","MEDICINE, GENERAL & INTERNAL","SCIE","1,406","1","Q3","0.3","98.22"%,
"Journal of Laboratory Physicians","J LAB PHYS","THIEME MEDICAL PUBL INC","0974-2727","0974-7826","MEDICINE, GENERAL & INTERNAL","ESCI","1,003","1","Q3","0.27","100"%,
"Archives of Iranian Medicine","ARCH IRAN MED","ACAD MEDICAL SCIENCES I R IRAN","1029-2977","1735-3947","MEDICINE, GENERAL & INTERNAL","SCIE","2,229","1","Q3","0.26","77.4"%,
"Caspian Journal of Internal Medicine","CASP J INTERN MED","BABOL UNIV MEDICAL SCIENCES","2008-6164","2008-6172","MEDICINE, GENERAL & INTERNAL","ESCI","1,655","1","Q3","0.24","0"%,
"Egyptian Journal of Internal Medicine","EGYPT J INTERN MED","SPRINGERNATURE","1110-7782","2090-9098","MEDICINE, GENERAL & INTERNAL","ESCI","338","1","Q3","0.22","100"%,
"Sexes","SEXES","MDPI","N/A","2411-5118","MEDICINE, GENERAL & INTERNAL","ESCI","146","0.9","Q3","0.5","100"%,
"African Health Sciences","AFR HEALTH SCI","MAKERERE UNIV, COLL HEALTH SCIENCES,SCH MED","1680-6905","1729-0503","MEDICINE, GENERAL & INTERNAL","SCIE","3,863","0.9","Q3","0.43","99.36"%,
"ACTA CLINICA BELGICA","ACTA CLIN BELG","TAYLOR & FRANCIS LTD","1784-3286","2295-3337","MEDICINE, GENERAL & INTERNAL","SCIE","1,242","0.9","Q3","0.29","1.77"%,
"Electronic Journal of General Medicine","ELECTRON J GEN MED","MODESTUM LTD","2516-3507","2516-3507","MEDICINE, GENERAL & INTERNAL","ESCI","422","0.9","Q3","0.29","98.12"%,
"Medical Bulletin of Sisli Etfal Hospital","MED B SISLI ETFAL HO","KARE PUBL","1302-7123","1308-5123","MEDICINE, GENERAL & INTERNAL","ESCI","527","0.9","Q3","0.29","47.48"%,
"Fukushima Journal of Medical Science","FUKUSHIMA J MED SCI","FUKUSHIMA SOC MEDICAL SCIENCE","0016-2590","2185-4610","MEDICINE, GENERAL & INTERNAL","ESCI","256","0.9","Q3","0.28","94.94"%,
"Journal of Medical Cases","J MED CASES","ELMER PRESS INC","1923-4155","1923-4163","MEDICINE, GENERAL & INTERNAL","ESCI","376","0.9","Q3","0.28","94.76"%,
"Northern Clinics of Istanbul","NORTH CLIN ISTANB","KARE PUBL","2148-4902","2536-4553","MEDICINE, GENERAL & INTERNAL","ESCI","901","0.9","Q3","0.28","99.66"%,
"Nigerian Postgraduate Medical Journal","NIGER POSTGRAD MED J","WOLTERS KLUWER MEDKNOW PUBLICATIONS","1117-1936","2468-6875","MEDICINE, GENERAL & INTERNAL","ESCI","640","0.9","Q3","0.25","100"%,
"ORVOSI HETILAP","ORVOSI HETILAP","AKADEMIAI KIADO ZRT","0030-6002","1788-6120","MEDICINE, GENERAL & INTERNAL","SCIE","1,555","0.9","Q3","0.25","80.82"%,
"Einstein-Sao Paulo","EINSTEIN-SAO PAULO","INST ISRAELITA ENSINO & PESQUISA ALBERT EINSTEIN","1679-4508","2317-6385","MEDICINE, GENERAL & INTERNAL","ESCI","1,380","0.9","Q3","0.24","99.38"%,
"Journal of the Royal College of Physicians of Edinburgh","J ROY COLL PHYS EDIN","SAGE PUBLICATIONS LTD","1478-2715","2042-8189","MEDICINE, GENERAL & INTERNAL","ESCI","978","0.9","Q3","0.2","4.11"%,
"REVUE DE MEDECINE INTERNE","REV MED INTERNE","ELSEVIER FRANCE-EDITIONS SCIENTIFIQUES MEDICALES ELSEVIER","0248-8663","N/A","MEDICINE, GENERAL & INTERNAL","SCIE","1,309","0.9","Q3","0.16","8.63"%,
"Romanian Journal of Internal Medicine","ROM J INTERN MED","SCIENDO","1582-3296","2501-062X","MEDICINE, GENERAL & INTERNAL","ESCI","579","0.8","Q3","0.3","100"%,
"Canadian Journal of Rural Medicine","CAN J RURAL MED","WOLTERS KLUWER MEDKNOW PUBLICATIONS","1203-7796","1488-237X","MEDICINE, GENERAL & INTERNAL","ESCI","233","0.8","Q3","0.29","1.61"%,
"Journal of Medical Case Reports","J MED CASE REP","BMC","N/A","1752-1947","MEDICINE, GENERAL & INTERNAL","ESCI","4,816","0.8","Q3","0.29","99.94"%,
"International Journal of Applied and Basic Medical Research","INT J APPL BASIC MED","WOLTERS KLUWER MEDKNOW PUBLICATIONS","2229-516X","2248-9606","MEDICINE, GENERAL & INTERNAL","ESCI","970","0.8","Q3","0.27","48.98"%,
"JCPSP-Journal of the College of Physicians and Surgeons Pakistan","JCPSP-J COLL PHYSICI","COLL PHYSICIANS & SURGEONS PAKISTAN","1022-386X","1681-7168","MEDICINE, GENERAL & INTERNAL","SCIE","2,967","0.8","Q3","0.25","87.51"%,
"Medwave","MEDWAVE","MEDWAVE ESTUDIOS LTD","0717-6384","0717-6384","MEDICINE, GENERAL & INTERNAL","ESCI","478","0.8","Q3","0.25","87.25"%,
"Journal of Investigative Medicine High Impact Case Reports","J INVEST MED HIGH IM","SAGE PUBLICATIONS LTD","2324-7096","2324-7096","MEDICINE, GENERAL & INTERNAL","ESCI","906","0.8","Q3","0.24","97.38"%,
"JAAPA-Journal of the American Academy of Physician Assistants","JAAPA-J AM ACAD PHYS","LIPPINCOTT WILLIAMS & WILKINS","1547-1896","0893-7400","MEDICINE, GENERAL & INTERNAL","SCIE","1,106","0.8","Q3","0.23","1.18"%,
"SOUTHERN MEDICAL JOURNAL","SOUTH MED J","LIPPINCOTT WILLIAMS & WILKINS","0038-4348","1541-8243","MEDICINE, GENERAL & INTERNAL","SCIE","3,620","0.8","Q3","0.23","2.11"%,
"Acta Clinica Croatica","ACTA CLIN CROAT","SESTRE MILOSRDNICE UNIV HOSPITAL","0353-9466","1333-9451","MEDICINE, GENERAL & INTERNAL","SCIE","1,443","0.8","Q3","0.2","96.14"%,
"Gaceta Medica de Mexico","GAC MED MEX","ACAD NACIONAL MEDICINA MEXICO","0016-3813","0016-3813","MEDICINE, GENERAL & INTERNAL","SCIE","808","0.8","Q3","0.17","95.05"%,
"JOURNAL OF THE PAKISTAN MEDICAL ASSOCIATION","J PAK MED ASSOC","PAKISTAN MEDICAL ASSOC","0030-9982","0030-9982","MEDICINE, GENERAL & INTERNAL","SCIE","5,072","0.8","Q3","0.15","95.06"%,
"MEDICAL PROBLEMS OF PERFORMING ARTISTS","MED PROBL PERFORM AR","SCIENCE & MEDICINE INC","0885-1158","1938-2766","MEDICINE, GENERAL & INTERNAL","SCIE","932","0.7","Q3","1.78","6.41"%,
"Nigerian Journal of Clinical Practice","NIGER J CLIN PRACT","WOLTERS KLUWER MEDKNOW PUBLICATIONS","1119-3077","2229-7731","MEDICINE, GENERAL & INTERNAL","SCIE","2,890","0.7","Q3","0.28","100"%,
"American Journal of Case Reports","AM J CASE REP","INT SCIENTIFIC INFORMATION, INC","N/A","1941-5923","MEDICINE, GENERAL & INTERNAL","ESCI","2,823","0.7","Q3","0.26","49.62"%,
"Annals of African Medicine","ANN AFR MED","WOLTERS KLUWER MEDKNOW PUBLICATIONS","1596-3519","0975-5764","MEDICINE, GENERAL & INTERNAL","ESCI","1,037","0.7","Q3","0.22","6.83"%,
"Case Reports in Medicine","CASE REP MED","WILEY","1687-9627","1687-9635","MEDICINE, GENERAL & INTERNAL","ESCI","1,249","0.7","Q3","0.22","97.3"%,
"AME Case Reports","AME CASE REP","AME PUBLISHING COMPANY","2523-1995","2523-1995","MEDICINE, GENERAL & INTERNAL","ESCI","170","0.7","Q3","0.17","95.68"%,
"Eurasian Journal of Medicine and Oncology","EURASIAN J MED ONCOL","KARE PUBL","N/A","2587-196X","MEDICINE, GENERAL & INTERNAL","ESCI","209","0.7","Q3","0.15","81.29"%,
"DEUTSCHE MEDIZINISCHE WOCHENSCHRIFT","DEUT MED WOCHENSCHR","GEORG THIEME VERLAG KG","0012-0472","1439-4413","MEDICINE, GENERAL & INTERNAL","SCIE","2,120","0.7","Q3","0.12","8.21"%,
"Ibnosina Journal of Medicine and Biomedical Sciences","IBNOSINA J MED BIOME","THIEME MEDICAL PUBL INC","1947-489X","1947-489X","MEDICINE, GENERAL & INTERNAL","ESCI","128","0.7","Q3","0.12","97.06"%,
"Current Issues in Pharmacy and Medical Sciences","CURR ISS PHARM MED S","Uniwersytet Medyczny Lublinie","2084-980X","2300-6676","MEDICINE, GENERAL & INTERNAL","ESCI","221","0.7","Q3","0.11","100"%,
"International Medical Case Reports Journal","INT MED CASE REP J","DOVE MEDICAL PRESS LTD","1179-142X","1179-142X","MEDICINE, GENERAL & INTERNAL","ESCI","632","0.6","Q3","0.26","99.02"%,
"Journal of Pioneering Medical Sciences","J PIONEER MED SCI","JPMS PUBL","2309-7981","2309-7981","MEDICINE, GENERAL & INTERNAL","ESCI","67","0.6","Q3","0.25","39.62"%,
"MEDICINA DELLO SPORT","MED SPORT","EDIZIONI MINERVA MEDICA","0025-7826","1827-1863","MEDICINE, GENERAL & INTERNAL","SCIE","314","0.6","Q3","0.21","0"%,
"SAGE Open Medical Case Reports","SAGE OPEN MED CASE R","SAGE PUBLICATIONS INC","2050-313X","2050-313X","MEDICINE, GENERAL & INTERNAL","ESCI","1,133","0.6","Q3","0.21","96.53"%,
"Clinical Medicine Insights-Case Reports","CLIN MED INSIGHT-CAS","SAGE PUBLICATIONS LTD","1179-5476","1179-5476","MEDICINE, GENERAL & INTERNAL","ESCI","292","0.6","Q3","0.2","97.84"%,
"Journal of Community Hospital Internal Medicine Perspectives","J COMM HOSP INT MED","DIGITAL COMMONS BEPRESS","2000-9666","2000-9666","MEDICINE, GENERAL & INTERNAL","ESCI","1,000","0.6","Q3","0.2","99.22"%,
"Clinical Case Reports","CLIN CASE REP","WILEY","2050-0904","2050-0904","MEDICINE, GENERAL & INTERNAL","ESCI","4,331","0.6","Q3","0.19","87.77"%,
"Reports","REPORTS-BASEL","MDPI","N/A","2571-841X","MEDICINE, GENERAL & INTERNAL","ESCI","115","0.6","Q3","0.19","100"%,
"Innere Medizin","INNERE MED","SPRINGER MEDIZIN VERLAG GmBH","2731-7080","2731-7099","MEDICINE, GENERAL & INTERNAL","SCIE","580","0.6","Q3","0.18","18.31"%,
"Archive of Clinical Cases","ARCH CLIN CASES","GRIGORE T POPA UNIV MEDICINE AND PHARMACY IASI","N/A","2360-6975","MEDICINE, GENERAL & INTERNAL","ESCI","81","0.6","Q3","0.17","100"%,
"Dubai Medical Journal","DUBAI MED J","KNOWLEDGE E","N/A","2571-726X","MEDICINE, GENERAL & INTERNAL","ESCI","151","0.6","Q3","0.16","99.12"%,
"Laeknabladid","LAEKNABLADID","LAEKNAFELAG ISLANDS-ICELANDIC MEDICAL ASSOC","0023-7213","1670-4959","MEDICINE, GENERAL & INTERNAL","SCIE","277","0.6","Q3","0.12","74.42"%,
"MEDICINA-BUENOS AIRES","MEDICINA-BUENOS AIRE","MEDICINA (BUENOS AIRES)","0025-7680","1669-9106","MEDICINE, GENERAL & INTERNAL","SCIE","897","0.6","Q3","0.12","0"%,
"NATIONAL MEDICAL JOURNAL OF INDIA","NATL MED J INDIA","SCIENTIFIC SCHOLAR LLC","2583-150X","0970-258X","MEDICINE, GENERAL & INTERNAL","SCIE","862","0.6","Q3","0.11","66.9"%,
"Alexandria Journal of Medicine","ALEX J MED","TAYLOR & FRANCIS LTD","2090-5068","2090-5076","MEDICINE, GENERAL & INTERNAL","ESCI","1,063","0.5","Q3","0.24","98.65"%,
"Acta Medica Lituanica","ACTA MED LITUANICA","VILNIUS UNIV PRESS","1392-0138","2029-4174","MEDICINE, GENERAL & INTERNAL","ESCI","230","0.5","Q3","0.2","97.65"%,
"BMJ Case Reports","BMJ CASE REP","BMJ PUBLISHING GROUP","N/A","1757-790X","MEDICINE, GENERAL & INTERNAL","ESCI","12,114","0.5","Q3","0.18","7"%,
"Acta Medica Indonesiana","ACTA MED INDONES","UNIV INDONESIA, FAC MEDICINE","0125-9326","2338-2732","MEDICINE, GENERAL & INTERNAL","ESCI","701","0.5","Q3","0.16","0"%,
"European Journal of Therapeutics","EUR J THER-ISTANBUL","Pera Yayincilik Hizmetleri","2564-7784","2564-7040","MEDICINE, GENERAL & INTERNAL","ESCI","205","0.5","Q3","0.14","99.21"%,
"Medical Studies-Studia Medyczne","MED STUD","TERMEDIA PUBLISHING HOUSE LTD","1899-1874","2300-6722","MEDICINE, GENERAL & INTERNAL","ESCI","185","0.5","Q3","0.13","97.84"%,
"Proceedings of Singapore Healthcare","PROC SINGAP HEALTHC","SAGE PUBLICATIONS INC","2010-1058","2059-2329","MEDICINE, GENERAL & INTERNAL","ESCI","432","0.5","Q3","0.13","96.2"%,
"Journal of Military and Veterans Health","J MIL VETERANS HEALT","AUSTRALASIAN MILITARY MEDICINE ASSOC","1835-1271","1839-2733","MEDICINE, GENERAL & INTERNAL","ESCI","136","0.5","Q3","0.12","0"%,
"Medicina Balear","MED BALEAR","REIAL ACAD MEDICINA ILLES BALEARS","1579-5853","2255-0569","MEDICINE, GENERAL & INTERNAL","ESCI","204","0.5","Q3","0.12","0"%,
"AME Medical Journal","AME MED J","AME PUBLISHING COMPANY","N/A","2520-0518","MEDICINE, GENERAL & INTERNAL","ESCI","222","0.5","Q3","0.09","97.83"%,
"Imaging","IMAGING","AKADEMIAI KIADO ZRT","N/A","2732-0960","MEDICINE, GENERAL & INTERNAL","ESCI","67","0.5","Q3","0.09","100"%,
"Journal of the Korean Medical Association","J KOREAN MED ASSOC","KOREAN MEDICAL ASSOC","1975-8456","2093-5951","MEDICINE, GENERAL & INTERNAL","ESCI","524","0.5","Q3","0.09","100"%,
"British Columbia Medical Journal","B C MED J","BRITISH COLUMBIA MEDICAL ASSOCIATION","0007-0556","0007-0556","MEDICINE, GENERAL & INTERNAL","ESCI","215","0.4","Q3","0.14","0"%,
"Oxford Medical Case Reports","OXF MED CASE REP","OXFORD UNIV PRESS","2053-8855","2053-8855","MEDICINE, GENERAL & INTERNAL","ESCI","567","0.4","Q3","0.14","90.55"%,
"Journal of Health and Allied Sciences NU","J HLTH ALL SCI-INDIA","THIEME MEDICAL PUBL INC","2582-4287","2582-4953","MEDICINE, GENERAL & INTERNAL","ESCI","157","0.4","Q3","0.11","100"%,
"Crescent Journal of Medical and Biological Sciences","CRESCENT J MED BIOL","ARAS PART MEDICAL INT PRESS","2148-9696","2148-9696","MEDICINE, GENERAL & INTERNAL","ESCI","205","0.4","Q3","0.1","16.67"%,
"Hippokratia","HIPPOKRATIA","LITHOGRAPHIA","1108-4189","1108-4189","MEDICINE, GENERAL & INTERNAL","SCIE","1,056","0.4","Q3","0.1","0"%,
"Klimik Journal","KLIMIK J","DOC DESIGN INFORMATICS CO LTD","1301-143X","1309-1484","MEDICINE, GENERAL & INTERNAL","ESCI","177","0.4","Q3","0.1","95.62"%,
"Revista Medica Clinica Las Condes","REV MED CLIN CONDES","ELSEVIER","N/A","0716-8640","MEDICINE, GENERAL & INTERNAL","ESCI","343","0.4","Q3","0.09","98.33"%,
"Journal of Contemporary Medical Sciences","J CONTEMP MED SCI","NABA AL-HAYAT FOUNDATION MEDICAL SCIENCES & HEALTH CARE","2413-0516","2413-0516","MEDICINE, GENERAL & INTERNAL","ESCI","192","0.4","Q3","0.08","79.72"%,
"Romanian Journal of Military Medicine","ROM J MIL MED","CAROL DAVILA UNIV MEDICINE & PHARMACY PUBL","1222-5126","2501-2312","MEDICINE, GENERAL & INTERNAL","ESCI","201","0.4","Q3","0.08","44.83"%,
"Bulletin of Russian State Medical University","B RUSS STATE MED U","PIROGOV RUSSIAN NATL RESEARCH MEDICAL UNIV","2500-1094","2542-1204","MEDICINE, GENERAL & INTERNAL","ESCI","150","0.4","Q3","0.07","83.74"%,
"University of Toronto Medical Journal","UNIV TOR MED J","UNIV TORONTO, MEDICAL SOC","0833-2207","1913-5440","MEDICINE, GENERAL & INTERNAL","ESCI","62","0.4","Q3","0.05","10.26"%,
"Bahrain Medical Bulletin","BAHRAIN MED B","BAHRAIN MEDICAL BULLETIN","1012-8298","1012-8298","MEDICINE, GENERAL & INTERNAL","ESCI","225","0.3","Q4","0.17","0"%,
"Duzce Medical Journal","DUZCE MED J","DUZCE UNIV, FAC MEDICINE","N/A","1307-671X","MEDICINE, GENERAL & INTERNAL","ESCI","129","0.3","Q4","0.1","99.48"%,
"Medical Journal of Indonesia","MED J INDONES","UNIV INDONESIA, FAC MEDICINE","0853-1773","2252-8083","MEDICINE, GENERAL & INTERNAL","ESCI","293","0.3","Q4","0.1","98.28"%,
"REVISTA MEDICA DE CHILE","REV MED CHILE","SOC MEDICA SANTIAGO","0034-9887","0717-6163","MEDICINE, GENERAL & INTERNAL","SCIE","2,105","0.3","Q4","0.1","60.94"%,
"International Journal of Noncommunicable Diseases","INT J NONCOMMUN DIS","WOLTERS KLUWER MEDKNOW PUBLICATIONS","2468-8827","2468-8835","MEDICINE, GENERAL & INTERNAL","ESCI","157","0.3","Q4","0.09","100"%,
"Konuralp Tip Dergisi","KONURALP TIP DERG","DUZCE UNIV, FAC MEDICINE","1309-3878","1309-3878","MEDICINE, GENERAL & INTERNAL","ESCI","170","0.3","Q4","0.09","97.21"%,
"Marmara Medical Journal","MARMARA MED J","MARMARA UNIV, FAC MEDICINE","1309-9469","1309-9469","MEDICINE, GENERAL & INTERNAL","ESCI","138","0.3","Q4","0.09","98.28"%,
"Acta Facultatis Medicae Naissensis","ACTA FAC MEDICAE NAI","UNIV NIS, FAC MEDICINE","0351-6083","2217-2521","MEDICINE, GENERAL & INTERNAL","ESCI","157","0.3","Q4","0.08","100"%,
"Galician Medical Journal","GALICIAN MED J","IVANO-FRANKIVSK NATL MEDICAL UNIV","2306-4285","2414-1518","MEDICINE, GENERAL & INTERNAL","ESCI","44","0.3","Q4","0.08","98.84"%,
"Sudan Journal of Medical Sciences","SUDAN J MED SCI","KNOWLEDGE E","N/A","1858-5051","MEDICINE, GENERAL & INTERNAL","ESCI","177","0.3","Q4","0.08","97.78"%,
"Journal of Medical and Biomedical Science","J MED BIOMED SCI","UNIV DEVELOPMENT STUDIES","2026-6294","2026-6294","MEDICINE, GENERAL & INTERNAL","ESCI","77","0.3","Q4","0.07","0"%,
"TERAPEVTICHESKII ARKHIV","TERAPEVT ARKH","CJSC CONSILIUM MEDICUM","0040-3660","2309-5342","MEDICINE, GENERAL & INTERNAL","SCIE","644","0.3","Q4","0.07","97.71"%,
"Universa Medicina","UNIVERSA MED","TRISAKTI UNIV, FAC MEDICINE","1907-3062","2407-2230","MEDICINE, GENERAL & INTERNAL","ESCI","109","0.3","Q4","0.05","54.08"%,
"WEST INDIAN MEDICAL JOURNAL","W INDIAN MED J","UNIV WEST INDIES FACULTY MEDICAL SCIENCES","0043-3144","2309-5830","MEDICINE, GENERAL & INTERNAL","SCIE","678","0.3","Q4","0.05","0"%,
"Rawal Medical Journal","RAWAL MED J","PAKISTAN MEDICAL ASSOC","0303-5212","0303-5212","MEDICINE, GENERAL & INTERNAL","ESCI","376","0.2","Q4","0.17","0"%,
"Bali Medical Journal","BALI MED J","UNIV UDAYANA","2089-1180","2302-2914","MEDICINE, GENERAL & INTERNAL","ESCI","491","0.2","Q4","0.13","83.91"%,
"Haseki TIp Bulteni-Medical Bulletin of Haseki","HASEKI TIP BULTENI","GALENOS PUBL HOUSE","1302-0072","2147-2688","MEDICINE, GENERAL & INTERNAL","ESCI","101","0.2","Q4","0.1","100"%,
"Iranian Red Crescent Medical Journal","IRAN RED CRESCENT ME","Dubai Iranian Hosp","2074-1804","2074-1812","MEDICINE, GENERAL & INTERNAL","SCIE","2,111","0.2","Q4","0.1","76.14"%,
"Journal of Krishna Institute of Medical Sciences University","J KRISHNA INST MED S","KRISHNA INST MEDICAL SCIENCES UNIV","2231-4261","2231-4261","MEDICINE, GENERAL & INTERNAL","ESCI","201","0.2","Q4","0.1","0"%,
"International Journal of Academic Medicine","INT J ACAD MED","WOLTERS KLUWER MEDKNOW PUBLICATIONS","N/A","2455-5568","MEDICINE, GENERAL & INTERNAL","ESCI","156","0.2","Q4","0.09","20"%,
"Vojnosanitetski Pregled","VOJNOSANIT PREGL","MILITARY MEDICAL ACAD-INI","0042-8450","2406-0720","MEDICINE, GENERAL & INTERNAL","SCIE","851","0.2","Q4","0.09","99.5"%,
"Cukurova Medical Journal","CUKUROVA MED J","CUKUROVA UNIV, FAC MEDICINE","2602-3032","2602-3040","MEDICINE, GENERAL & INTERNAL","ESCI","629","0.2","Q4","0.08","93.44"%,
"Bezmialem Science","BEZMIALEM SCI","GALENOS PUBL HOUSE","2148-2373","2148-2373","MEDICINE, GENERAL & INTERNAL","ESCI","154","0.2","Q4","0.07","100"%,
"Erciyes Medical Journal","ERCIYES MED J","ERCIYES UNIV SCH MEDICINE","2149-2247","2149-2549","MEDICINE, GENERAL & INTERNAL","ESCI","177","0.2","Q4","0.07","99.23"%,
"Indian Journal of Medical Specialities","INDIAN J MED SPEC","WOLTERS KLUWER MEDKNOW PUBLICATIONS","0976-2884","0976-2892","MEDICINE, GENERAL & INTERNAL","ESCI","244","0.2","Q4","0.07","100"%,
"Italian Journal of Medicine","ITAL J MED","PAGEPRESS PUBL","1877-9344","1877-9352","MEDICINE, GENERAL & INTERNAL","ESCI","110","0.2","Q4","0.07","100"%,
"Medicni Perspektivi","MED PERSPEKTIVI","Dnipro State Medical Univ","2307-0404","2786-4804","MEDICINE, GENERAL & INTERNAL","ESCI","83","0.2","Q4","0.07","95.48"%,
"Srpski Arhiv za Celokupno Lekarstvo","SRP ARK CELOK LEK","SRPSKO LEKARSKO DRUSTVO","0370-8179","0370-8179","MEDICINE, GENERAL & INTERNAL","SCIE","524","0.2","Q4","0.07","95.31"%,
"BULLETIN DE L ACADEMIE NATIONALE DE MEDECINE","B ACAD NAT MED PARIS","ELSEVIER MASSON SAS EDITEUR","0001-4079","2271-4820","MEDICINE, GENERAL & INTERNAL","SCIE","493","0.2","Q4","0.06","0"%,
"IIUM Medical Journal Malaysia","IIUM MED J MALAYSIA","INT ISLAMIC UNIV MALAYSIA, KULLIYYAH MEDICINE","1823-4631","2735-2285","MEDICINE, GENERAL & INTERNAL","ESCI","139","0.2","Q4","0.06","29.63"%,
"Journal of Clinical Practice and Research","J CLIN PRACT RES","ERCIYES UNIV SCH MEDICINE","N/A","2980-2156","MEDICINE, GENERAL & INTERNAL","ESCI","20","0.2","Q4","0.06","100"%,
"Journal of IMAB","J IMAB","Peytchinski Publishing Ltd","1312-773X","1312-773X","MEDICINE, GENERAL & INTERNAL","ESCI","265","0.2","Q4","0.06","68.16"%,
"Journal of the Scientific Society","J SCI SOC","WOLTERS KLUWER MEDKNOW PUBLICATIONS","0974-5009","2278-7127","MEDICINE, GENERAL & INTERNAL","ESCI","141","0.2","Q4","0.06","100"%,
"Medical Journal of Bakirkoy","MED J BAKIRKOY","GALENOS PUBL HOUSE","1305-9319","1305-9327","MEDICINE, GENERAL & INTERNAL","ESCI","126","0.2","Q4","0.06","98.8"%,
"Russian Open Medical Journal","RUSS OPEN MED J","SCIENCE & INNOVATION, LTD","2304-3415","2304-3415","MEDICINE, GENERAL & INTERNAL","ESCI","117","0.2","Q4","0.06","99.32"%,
"Ewha Medical Journal","EWHA MED J","EWHA WOMANS UNIV SCH MEDICINE","2234-3180","2234-2591","MEDICINE, GENERAL & INTERNAL","ESCI","81","0.2","Q4","0.05","75"%,
"Iatreia","IATREIA","UNIV ANTIOQUIA, FAC MED","0121-0793","2011-7965","MEDICINE, GENERAL & INTERNAL","ESCI","122","0.2","Q4","0.05","68.35"%,
"Journal of Clinical and Diagnostic Research","J CLIN DIAGN RES","PREMCHAND SHANTIDEVI RESEARCH FOUNDATION","2249-782X","0973-709X","MEDICINE, GENERAL & INTERNAL","ESCI","11,323","0.2","Q4","0.05","99.05"%,
"Journal of Head & Neck Physicians and Surgeons","J HEAD NECK PHYSICIA","WOLTERS KLUWER MEDKNOW PUBLICATIONS","2347-8128","2347-8128","MEDICINE, GENERAL & INTERNAL","ESCI","47","0.2","Q4","0.05","100"%,
"Journal of Istanbul Faculty of Medicine-Istanbul Tip Fakultesi Dergisi","J ISTANB FAC MED","ISTANBUL UNIV, FAC MEDICINE, PUBL OFF","N/A","1305-6441","MEDICINE, GENERAL & INTERNAL","ESCI","91","0.2","Q4","0.05","61.42"%,
"Medical-Surgical Journal-Revista Medico-Chirurgicala","MED-SURG J","SOC MEDICI NATURALISTI IASI- SOC PHYSICIAN NATURALISTS","0048-7848","2286-2560","MEDICINE, GENERAL & INTERNAL","ESCI","416","0.2","Q4","0.05","1.09"%,
"New Armenian Medical Journal","NEW ARMEN MED J","YEREVAN STATE MEDICAL UNIV","1829-0825","1829-0825","MEDICINE, GENERAL & INTERNAL","ESCI","38","0.2","Q4","0.05","0"%,
"Nigerian Journal of Basic and Clinical Sciences","NIGERIAN J BASIC CLI","WOLTERS KLUWER MEDKNOW PUBLICATIONS","0331-8540","2320-477X","MEDICINE, GENERAL & INTERNAL","ESCI","68","0.2","Q4","0.05","21.49"%,
"Physician Assistant Clinics","PHYS ASSIST CLIN","ELSEVIER INC","2405-7991","2405-7991","MEDICINE, GENERAL & INTERNAL","ESCI","50","0.2","Q4","0.05","0"%,
"THERAPEUTISCHE UMSCHAU","THER UMSCH","Aerzteverlag medinfo AG","0040-5930","1664-2864","MEDICINE, GENERAL & INTERNAL","ESCI","282","0.2","Q4","0.05","0"%,
"Viral Hepatit Dergisi-Viral Hepatitis Journal","VIRAL HEPAT DERG","GALENOS PUBL HOUSE","1307-9441","2147-2939","MEDICINE, GENERAL & INTERNAL","ESCI","64","0.2","Q4","0.05","100"%,
"Archives of Hellenic Medicine","ARCH HELL MED","ATHENS MEDICAL SOC","1105-3992","1105-3992","MEDICINE, GENERAL & INTERNAL","ESCI","163","0.2","Q4","0.04","0"%,
"Archivos de Medicina","ARCH MED","UNIV MANIZALEZ, FAC MEDICINA","1657-320X","2339-3874","MEDICINE, GENERAL & INTERNAL","ESCI","137","0.2","Q4","0.04","78.21"%,
"Byulleten Sibirskoy Meditsiny","BYULLETEN SIB MED","SIBERIAN STATE MEDICAL UNIV","1682-0363","1819-3684","MEDICINE, GENERAL & INTERNAL","ESCI","129","0.2","Q4","0.04","99.58"%,
"Duazary","DUAZARY","UNIV MAGDALENA","1794-5992","2389-783X","MEDICINE, GENERAL & INTERNAL","ESCI","64","0.2","Q4","0.04","98.97"%,
"Khyber Medical University Journal-KMUJ","KHYBER MED U J","KHYBER MEDICAL UNIV","2305-2643","2305-2651","MEDICINE, GENERAL & INTERNAL","ESCI","105","0.2","Q4","0.04","98.6"%,
"Namik Kemal Medical Journal","NAMIK KEMAL MED J","GALENOS PUBL HOUSE","N/A","2587-0262","MEDICINE, GENERAL & INTERNAL","ESCI","43","0.2","Q4","0.04","99.41"%,
"Universitas Medica","UNIV MED","PONTIFICIA UNIV JAVERIANA, FAC MEDICINA","0041-9095","2011-0839","MEDICINE, GENERAL & INTERNAL","ESCI","80","0.2","Q4","0.03","94.57"%,
"Exercer-La Revue Francophone de Medecine Generale","EXERCER","COLL NATL GENERALISTES ENSEIGNANTS","0998-3953","1961-9138","MEDICINE, GENERAL & INTERNAL","ESCI","150","0.2","Q4","0.01","0"%,
"Meandros Medical and Dental Journal","MEAND MED DENT J","GALENOS PUBL HOUSE","2149-9063","2149-9063","MEDICINE, GENERAL & INTERNAL","ESCI","102","0.1","Q4","0.09","95"%,
"Gomal Journal of Medical Sciences","GOMAL J MED SCI","GOMAL MEDICAL COLL","1819-7973","1997-2067","MEDICINE, GENERAL & INTERNAL","ESCI","102","0.1","Q4","0.08","11.25"%,
"CEYLON MEDICAL JOURNAL","CEYLON MED J","SRI LANKA MEDICAL ASSOC","0009-0875","0009-0875","MEDICINE, GENERAL & INTERNAL","ESCI","364","0.1","Q4","0.06","98.44"%,
"Istanbul Medical Journal","ISTANB MED J","GALENOS PUBL HOUSE","2619-9793","2148-094X","MEDICINE, GENERAL & INTERNAL","ESCI","83","0.1","Q4","0.04","84.62"%,
"Majalah Kedokteran Bandung","MAJ KEDOKT BDG-MKB","UNIV PADJADJARAN, FAKULTAS KEDOKTERAN, GEDUNG RUMAH SAKIT PENDIDIKAN","0126-074X","2338-6223","MEDICINE, GENERAL & INTERNAL","ESCI","47","0.1","Q4","0.04","94.53"%,
"Revista del Cuerpo Medico del Hospital Nacional Almanzor Aguinaga Asenjo","REV CUERPO MED HOSP","HOSPITAL NACL ALMANZOR AGUINAGA ASENJO, ASOC CUERPO MEDICO","2225-5109","2227-4731","MEDICINE, GENERAL & INTERNAL","ESCI","112","0.1","Q4","0.04","33.33"%,
"Revista Medica de Rosario","REV MED ROSARIO","CIRCULO MEDICO DE ROSARIO","0327-5019","1851-2135","MEDICINE, GENERAL & INTERNAL","ESCI","22","0.1","Q4","0.04","0"%,
"Scientia Medica","SCI MED","EDITORA PUCRS","1806-5562","1980-6108","MEDICINE, GENERAL & INTERNAL","ESCI","158","0.1","Q4","0.04","100"%,
"Annals Abbasi Shaheed Hospital & Karachi Medical & Dental College","ANN ABBASI SHAHEED H","ABBASI SHAHEED HOSPITAL & KARACHI MEDICAL & DENTAL COLL","1563-3241","1563-3241","MEDICINE, GENERAL & INTERNAL","ESCI","62","0.1","Q4","0.03","14.78"%,
"Annals of Clinical and Analytical Medicine","ANN CLIN ANAL MED","BAYRAKOL MEDICAL PUBLISHER","N/A","2667-663X","MEDICINE, GENERAL & INTERNAL","ESCI","193","0.1","Q4","0.03","98.05"%,
"Gazi Medical Journal","GAZI MED J","GALENOS PUBL HOUSE","2147-2092","2147-2092","MEDICINE, GENERAL & INTERNAL","ESCI","125","0.1","Q4","0.03","91.18"%,
"Journal of Academic Research in Medicine-JAREM","J ACAD RES MED","GALENOS PUBL HOUSE","2146-6505","2147-1894","MEDICINE, GENERAL & INTERNAL","ESCI","54","0.1","Q4","0.03","100"%,
"Annals of King Edward Medical University Lahore Pakistan","ANN KING EDWARD MED","RESEARCH & MEDICAL EDUCATION CENTRE","2079-7192","2079-0694","MEDICINE, GENERAL & INTERNAL","ESCI","167","0.1","Q4","0.02","40.82"%,
"Journal of Behcet Uz Childrens Hospital","J BEHCET UZ CHILD H","GALENOS PUBL HOUSE","N/A","2822-4469","MEDICINE, GENERAL & INTERNAL","ESCI","10","0.1","Q4","0.02","68.82"%,
"Medicine and Health","MED HEALTH-KUALA LUM","UNIV KEBANGSAAN MALAYSIA, FAC MEDICINE","N/A","2289-5728","MEDICINE, GENERAL & INTERNAL","ESCI","98","0.1","Q4","0.02","100"%,
"Nobel Medicus","NOBEL MED","NOBEL ILAC","1305-2381","1305-2381","MEDICINE, GENERAL & INTERNAL","ESCI","81","0.1","Q4","0.02","0"%,
"Revista Medica del Uruguay","REV MED URUG","SINDICATO MEDICO URUGUAY","0303-3295","1688-0390","MEDICINE, GENERAL & INTERNAL","ESCI","97","0.1","Q4","0.02","95.16"%,
"Avances en Biomedicina","AV BIOMED","UNIV ANDES, FAC MEDICINA","2477-9369","2244-7881","MEDICINE, GENERAL & INTERNAL","ESCI","25","0.1","Q4","0.01","0"%,
"Galicia Clinica","GALICIA CLIN","SOC GALLEGA MEDICINA INTERNA","0304-4866","0304-4866","MEDICINE, GENERAL & INTERNAL","ESCI","18","0.1","Q4","0.01","91.58"%,
"Medisur-Revista de Ciencias Medicas de Cienfuegos","MEDISUR-REV CIENC ME","CENTRO PROVINCIAL INFORMACION CIENCIAS MEDICAS CINFUEGOS","1727-897X","1727-897X","MEDICINE, GENERAL & INTERNAL","ESCI","160","0.1","Q4","0.01","0"%,
"Finlay","FINLAY","CENTRO PROVINCIAL INFORMACION CIENCIAS MEDICAS CINFUEGOS","2221-2434","2221-2434","MEDICINE, GENERAL & INTERNAL","ESCI","54","0.1","Q4","0","0"%,
"Journal of Clinical Sciences","J CLIN SCI","WOLTERS KLUWER MEDKNOW PUBLICATIONS","2468-6859","2408-7408","MEDICINE, GENERAL & INTERNAL","ESCI","73","<0.1","Q4","0.04","81.4"%,
"Clinical Management Issues","CLIN MANAG ISSUES","SEED MEDICAL PUBLISHERS","1973-4832","2283-3137","MEDICINE, GENERAL & INTERNAL","ESCI","16","<0.1","Q4","0.02","100"%,
"Kuwait Medical Journal","KUWAIT MED J","KUWAIT MEDICAL ASSOC","1607-8047","0023-5776","MEDICINE, GENERAL & INTERNAL","SCIE","135","<0.1","Q4","0.02","0"%,
"Zaporozhye Medical Journal","ZAPOROZHYE MED J","ZAPORIZHZHYA STATE MEDICAL UNIV","2306-4145","2310-1210","MEDICINE, GENERAL & INTERNAL","ESCI","58","<0.1","Q4","0.02","99.63"%,
"Anales de la Facultad de Medicina-Universidad de la Republica Uruguay","AN FAC MED-UNIV REPU","UNIV REPUBLICA, FAC MEDICINA","2301-1254","2301-1254","MEDICINE, GENERAL & INTERNAL","ESCI","11","<0.1","Q4","0.01","76.71"%,
"Anil Aggrawals Internet Journal of Forensic Medicine and Toxicology","ANIL AGGRAWALS INTER","ANIL AGGRAWALS INTERNET JOURNAL FORENSIC MEDICINE & TOXICOLOGY","0972-8066","0972-8074","MEDICINE, GENERAL & INTERNAL","ESCI","13","<0.1","Q4","0.01","0"%,
"Scientific Chronicles","SCI CHRON","TZANEIO GENERAL HOSPITAL","1791-1362","2241-1666","MEDICINE, GENERAL & INTERNAL","ESCI","11","<0.1","Q4","0.01","0"%,
"Journal of Mind and Medical Sciences","J MIND MED SCI","MDPI","2392-7674","2392-7674","MEDICINE, GENERAL & INTERNAL","ESCI","249","N/A","N/A","0.49","98.63"%,

Copyright (c) 2025 Clarivate 
By exporting the selected data; you agree to the data usage policy set forth in the Terms of Use 
